8.8200084239764	9.03953928602943	9.03679853217045	8.91677632190537	9.19413536060131	8.88926648973338	9.08572736293985	9.07519146675455	9.16716840287292	9.28622362347708	9.08572736293985	9.05064033399889	9.17437613748774	9.12137184458032	9.48156170801295	9.14449040202169	9.15072528273692	9.05559940719075	9.07973064976044	9.07012749619189	9.11979057436489	9.19272881273928	9.16414302726628	8.93488461755176	9.03804131830534	8.87631171382559	8.93400955495908	9.08572736293985	9.05026076473554	8.89930875427898	8.87628585739509	9.06074800607173	9.02779898578723	9.0993579946083	9.04204563321045	9.08572736293985	9.2212095656838	8.93349176310534	9.14772461797014	9.02093583939178	9.11397860395692	9.03977788014041	8.89123073386495	8.79365649529787	8.86445292563781	9.06122660163601	9.46046775933577	9.22148627700124	9.50156889942242	9.69058899463888	9.57514850082855
5.52571542944347	4.96754621039662	4.10641013813874	4.08262100471749	5.47323623563671	5.01722853597517	5.17758860806067	6.28278877609491	5.70339717631066	6.59043877727898	7.44837744014647	5.57156016812981	5.94277750868058	6.08067867183432	6.95657647597088	5.46164175333721	6.74493486557477	6.29124596636262	6.40408197552766	7.19134949351876	7.06581779045943	7.33275777972174	6.68073631584876	4.40985242459979	3.00404868155022	4.49106479377286	4.3820229929323	5.28171172080443	4.93717582800146	5.98437405434516	5.68486247165334	6.22267418455454	5.68180901465075	5.74685935050241	6.69745011083654	5.91209136830544	5.3755711455493	6.28513306985698	5.6875540392357	6.39488147816663	6.55066719555108	5.56202708899427	6.98352067975794	2.84280369395647	2.36467070180225	2.47672771032719	2.36467070180225	3.17082022780584	2.4684952428626	2.47672771032719	2.36467070180225
10.6923859638484	10.892514913135	10.9172644138188	11.1182531127461	11.0230386164773	11.384594111528	11.3256424036228	11.430814517253	11.0299501247516	11.2301365503982	11.2495031635213	11.1283670879844	11.2875437986557	11.2033949161385	11.3520232005013	11.1487636427742	11.1657737091147	11.1398974342914	11.4120386924466	11.5797905443499	11.4217704814242	11.485585845912	11.0724516781957	11.0803486071307	10.779251807874	10.8835746149538	11.0582631146346	11.6638462522924	11.2508219947174	11.2488276169693	11.064933008197	11.389114324702	11.4231303854033	11.4097614751732	11.1809802604385	11.1932187280564	11.3597298267522	11.4794762756013	11.32317430802	10.9815689783306	11.3488540530707	11.3930216337182	11.1635758487575	12.0985480673357	12.1577802504974	12.455140431044	12.2950906772098	11.0111224797035	12.0796938087631	12.3212855392825	12.3196551303829
5.07487833322733	4.96363515621616	5.65793078606024	5.16732019890179	6.17439150797301	5.57329229508824	5.59223730219085	6.45541950898763	5.87457852714335	5.65858776485535	5.89609559276462	5.44190612630994	5.97321792876926	5.68204235384748	5.78204518103665	5.85411182464054	5.82098553304026	6.46402052349229	6.02434080282558	6.32266376468865	5.6577434653334	6.61410544582101	5.60318023410755	5.76175296421379	5.26729427575426	5.43484831363442	5.43484831363442	5.26909274083967	6.02576530662518	5.91835708779762	6.9170140178294	5.98244974719666	5.93392291381234	5.98873733585622	5.95231725460601	5.96200021881245	6.3718973961819	5.65793078606024	6.12880279530148	6.38662570719532	6.18284038067802	6.35087655784019	6.25221978539	3.44724300048333	3.61145122538974	3.98508317991011	3.89308522884155	4.88098577535006	3.44724300048333	4.61976902241924	4.61976902241924
7.74936290776213	7.9010587725678	7.87954612711161	8.21719370499207	8.64789827557625	8.26194638017127	8.40916028179179	8.32510076261883	7.90587664297759	8.55116504398008	8.45736714892569	8.23608398856977	8.45028345677577	8.46249455256946	8.43249798088181	8.49590262692022	8.31703103803671	7.98353840971507	8.02823463213061	8.53202610887612	8.84048776075426	8.82478898195592	8.37286297990629	7.84169119307783	8.19884834212488	8.11979984059983	7.69846257213695	8.19639421581972	8.40289674520606	8.47967251486409	8.32810491930828	8.46758745149723	8.74214921365814	8.31253089115018	8.52650174845451	8.54182724034908	8.76461864344815	8.49762307227024	8.50585665936785	8.67349815154927	8.47369574166551	8.65798885964056	8.5090036561064	7.90477490335685	8.2751730269123	8.0331083999627	8.05722547382803	7.36029940022584	8.33214538321229	8.22610580371898	7.78524252503863
9.99187703993902	10.0050292416341	10.2911197584279	10.0116044351376	10.1491893140147	10.0843089465398	10.0899939795665	10.017858906605	9.50395956286341	9.90480929161985	9.71805857700535	9.91266746171734	9.93401343184441	9.99072189192403	9.77404964461006	10.2244750887975	10.0550939763227	10.0604832241098	9.91252760071037	10.0212421043852	10.1099007939857	9.99172220704747	10.0535953824026	9.97542380652983	9.77075682901652	9.91325474942671	9.76413406405934	9.97532547518986	10.0949244285559	10.0152362029917	9.90644921526686	9.78063766076712	9.85320465791054	9.98043174730981	9.75038677782326	9.96995389086824	9.99357621068171	9.79224686759841	9.79966301450099	9.77193282723426	10.0173794481662	10.2507796434489	9.83584812267222	9.24775847138106	9.33818183527606	9.33867332214868	9.60934337995014	9.77343424759253	9.10883040136252	9.62981867606325	9.56676747788878
2.20361723819585	2.20361723819585	2.20361723819585	2.20361723819585	2.20361723819585	2.18673234418093	2.18673234418093	2.29092545666443	2.20361723819585	2.20361723819585	2.20361723819585	2.20361723819585	2.18673234418093	2.20361723819585	2.20361723819585	2.35445957934626	2.20361723819585	2.20361723819585	2.34708096225341	2.72013941710194	2.20361723819585	2.18798059704316	2.20361723819585	2.20361723819585	2.20361723819585	2.20361723819585	2.29324908656604	2.91702589504403	2.34010384767547	2.22359273339398	2.30669791132636	2.20361723819585	2.20361723819585	2.20361723819585	2.20361723819585	3.5231018508854	2.20361723819585	2.23320846842243	2.20361723819585	2.20361723819585	2.20361723819585	2.20361723819585	2.18673234418093	2.20361723819585	3.65231582272812	2.57395380467596	2.20361723819585	2.97121150186304	2.20361723819585	2.43093717984747	2.20361723819585
7.68590863710933	8.26209216697823	8.65132971858723	8.87364424007557	9.46098103835062	9.30223387258043	8.61090834775261	9.33985893250882	9.05163662729174	8.49288583395549	9.16810093393228	9.29927555045259	9.31970402430272	8.80362779691821	9.3878076209325	9.09631273718989	8.91107065412954	8.37258783931978	8.83845608617385	9.68343405275088	8.8039256569651	8.8991269662898	8.42057128206705	8.32868581826538	8.99220937909165	8.39798279937304	8.85320101236492	8.56094082757525	9.50514298390003	9.31339918307448	9.36960745812532	9.07566395564171	8.8484582496386	9.12157683881179	9.08748547092377	8.86693353800152	9.22336347911829	8.67400370827657	8.86252724371616	8.68444218827029	9.10416432626855	8.98488015882055	8.77248886879748	5.54838147174439	5.69655522757349	4.93204713400757	6.35741342876956	4.57679755657136	5.57662954261296	6.87059896374188	5.71534978614034
2.11246161831443	2.11246161831443	2.11246161831443	2.11246161831443	2.11246161831443	2.11246161831443	2.11246161831443	2.11246161831443	2.20639081185941	2.11246161831443	2.11246161831443	2.11246161831443	2.11246161831443	2.11246161831443	2.11246161831443	2.11246161831443	2.11246161831443	2.11246161831443	2.11246161831443	2.11246161831443	2.11246161831443	2.11246161831443	2.11246161831443	2.11246161831443	2.1277090924636	2.11246161831443	2.15381153464961	2.11246161831443	2.11246161831443	2.11246161831443	2.13363557155315	2.11246161831443	2.11246161831443	2.56824938129059	2.11246161831443	2.16144617624363	2.11246161831443	2.11246161831443	2.11246161831443	2.11246161831443	2.11246161831443	2.11246161831443	2.19122506202313	2.11246161831443	2.11246161831443	2.11246161831443	2.11246161831443	2.11246161831443	3.41743273338	2.11246161831443	2.11246161831443
10.3858020071885	10.2327894567963	10.2617177982405	10.1501310699208	10.1586471973084	9.89741236930249	9.9936760459325	9.90582347817868	10.2075482216069	10.111646490323	10.0048583465952	10.0657082471607	9.55169734615171	10.0774895203557	9.50826224587187	9.85289647933265	10.0399624120642	10.0012201060244	9.99786454615936	9.87810143611143	9.7409905656104	9.67787563087996	10.1076979660995	9.90244664615357	10.108921717462	10.3750275030326	10.0873800438376	9.72143587618866	9.88773813615379	9.34560459726572	9.72527273080203	10.0027233377192	9.68035014719607	9.72766650303241	9.85340501372677	9.50545549759924	9.72688007447822	9.75139002066932	9.47424559962226	9.89088807089997	9.72470677158857	9.53179380200384	9.97721349505977	10.8522866202878	10.4151506291554	10.8366278721279	10.567636355269	9.00072373763329	10.5432980526628	10.452674341519	11.0313958535496
2.11246161831443	2.11246161831443	2.11246161831443	2.15483364763807	2.11246161831443	2.11246161831443	2.11246161831443	2.11246161831443	2.27280961896689	2.11246161831443	2.11246161831443	2.11246161831443	2.11246161831443	2.11246161831443	2.11246161831443	2.11246161831443	2.11246161831443	2.11246161831443	2.11246161831443	2.11246161831443	2.1191644078697	2.11246161831443	2.11246161831443	2.11246161831443	2.11246161831443	2.11246161831443	2.11246161831443	2.11246161831443	2.11246161831443	2.11246161831443	2.11246161831443	2.11246161831443	2.11246161831443	2.38608950108661	2.11246161831443	2.11246161831443	2.11246161831443	2.11246161831443	2.11246161831443	2.11246161831443	2.11246161831443	2.11246161831443	2.11246161831443	2.11246161831443	2.11246161831443	2.11246161831443	2.11246161831443	2.11246161831443	2.11246161831443	2.11246161831443	3.40939773112304
5.93841847340256	6.0457026181415	6.0457026181415	6.0457026181415	6.22225211218681	6.39126162305603	6.96890719062928	6.69720837191938	6.06104812096598	6.24700266636852	6.24597266460003	6.13395929317915	6.14707572716954	6.58556232138495	6.46029899930015	6.0899635782409	6.51052299946269	6.63712316259927	6.55204314840771	6.99786507958555	6.79242746018472	6.44580001659397	6.26692925247463	6.1616288270449	6.76931215947562	6.35091985955792	6.0457026181415	7.56765849257014	6.60985789915882	6.56474140137284	6.53538231737877	6.51813633615585	6.167397650231	6.63057051680394	6.64233551633308	6.937097003749	7.36030505353074	6.8793346309814	6.55019844771893	6.49848033286405	6.62640582682881	6.61559037140681	6.55507592105673	7.60892628681996	8.37120190029127	8.14337105220388	7.92121449124928	6.70445799048211	7.7884595332983	8.25027572295163	7.77724913445451
8.60218530756767	8.69848632559481	8.88979911703354	8.67313453355839	8.79282795324207	8.7701091619341	8.45578104981327	8.60478039932418	8.76550065387779	8.73982271588478	8.60437936198658	8.90228450470066	8.49280857295751	8.84759739435662	8.68966053721675	8.62590031191378	8.81035936714199	8.72510383814261	8.48371163521139	8.74891661741091	8.57983455460267	8.51664010037557	8.72413196396922	8.289499384349	8.84139124824729	8.64179720824701	8.56071775249554	8.36603708806324	8.59209686838035	8.34915641419826	8.69234167132152	8.6272548324883	8.75291840699244	8.50808573427728	8.80372590825317	8.73063343713966	8.64179720824701	8.49548243057723	8.52850182634069	8.64179720824701	8.76698563145707	8.72286763686843	8.47671002742659	8.79042180010537	8.65865425015051	8.95700255053705	8.60749715989997	7.65171216871865	8.64540646853401	8.35335810576423	8.71444030845055
5.27147261483049	5.22076168848149	5.14523757912657	5.23644300600989	4.96552563887829	5.01494544139249	4.41595636920144	4.96552563887829	4.54305881075622	4.90829138422423	4.56609829825669	4.69190979026108	4.60226399534136	4.92033018381789	4.96552563887829	4.770178433626	5.01247106495761	4.5487025673974	4.65118550051027	4.96552563887829	5.15609883532952	4.82744474777047	5.12011275969755	5.78505136653443	5.98023041887607	5.79962252844695	5.54414160364905	4.76057553929473	4.96552563887829	4.43173307145087	5.01756428503477	4.82609770139245	4.87139092936192	4.77375305856397	5.13489667672273	4.96552563887829	5.18896904246952	4.96552563887829	5.36198442998463	5.39466058467047	5.17549182912155	5.0043254887484	5.91879181646053	4.30011364141366	4.47994617295275	5.20726841019139	4.1754466947929	3.8732328176458	4.15404496487649	4.96552563887829	3.37003512709666
3.59198346801842	4.55232144378095	4.31566060290927	5.00085304867596	4.15728346359396	4.55232144378095	5.09566246050461	4.75364182863688	4.9609677487511	4.10003928670899	4.42516086375293	4.76733515880921	5.45221108302094	4.84432004381514	5.31304223721612	4.6779319132131	4.684279629738	4.70292541127233	5.13519251531701	4.83443915569328	5.77620527714871	4.684279629738	5.01304981013062	4.92317143840267	6.12946703180634	4.55232144378095	5.42059787264605	6.23152872768543	5.0885021192429	6.44663470436113	4.76393267811285	5.48638937319444	5.18395668402837	4.6779319132131	4.60564966376145	5.0961430332949	4.684279629738	5.10959636962715	6.88449378016931	5.60554664655533	4.96986849739889	5.10526818195601	4.684279629738	8.83498199534961	9.1856821746089	9.10156376245994	9.58309577815827	5.71826279773528	9.00431374503088	8.75616423935321	8.56619753010342
3.46896659338035	2.98310970705651	3.42979971237484	3.18308081082569	4.39258859577541	3.51077274288094	3.78090230924396	3.5150460666757	3.96986060759375	4.08686941728985	5.21813735942234	3.61195796630577	4.68195626978445	5.01352290794552	4.88878533177357	3.69274013798448	5.19608166760811	3.13255869415588	4.15278040347981	5.36121316203657	5.12036903840274	4.12865056312576	4.89978158645115	3.95490793179275	3.26846421970006	4.06308901523645	3.42979971237484	3.42998769831362	4.09691817260151	4.30894689568516	3.80198112589551	5.184549271167	4.92730040000352	3.42979971237484	4.33310699145574	4.74483986365633	5.24536916150205	4.09711078777825	3.98309604485815	5.36791774755042	4.90372843930946	4.39729651933965	5.72865612506149	2.23250500720697	2.48812417940617	3.3994472387609	2.54234118951423	2.33199080374784	3.42979971237484	3.49452555094211	3.49452555094211
8.8423732108269	8.85139144583231	9.10683439286972	8.93198323539628	8.96042825964868	8.73771780748843	9.09780277342351	9.17950798154357	8.88368722362495	8.85981112378381	9.16846267950754	8.95108262763672	9.11009304083999	9.18714230481944	9.18714230481944	8.97940782753458	9.0551673374822	8.8889980841219	8.99242741868702	9.39485172889323	9.26508855620746	9.01140045025152	9.29120172292843	9.22541191359664	9.39345036318035	9.20897195871049	9.0494419414309	9.56370052891468	9.40029806814157	9.0301238712436	9.30048469831182	9.19888082645616	9.22401092045275	9.25607179666976	9.26629470475129	9.27997479432889	9.51786568599183	9.26513327807619	9.10848952449576	9.28322310147276	9.28845754905896	9.14372230713891	9.22934201751214	9.43356250150057	9.60594366048191	9.62636040699242	9.90157563207306	9.07264785253061	9.86679545601043	9.54198019654666	9.53762890728575
2.11246161831443	2.11246161831443	2.1696854870217	2.11246161831443	2.11246161831443	2.11825259809616	2.11246161831443	2.11246161831443	2.11246161831443	2.11363008238318	2.11246161831443	2.11246161831443	2.11246161831443	2.11246161831443	2.11246161831443	2.36710081798768	2.11246161831443	2.11246161831443	2.11246161831443	2.19217860582504	2.11246161831443	2.11246161831443	2.11246161831443	2.11246161831443	2.11246161831443	2.11246161831443	2.11246161831443	2.11246161831443	2.11246161831443	2.11246161831443	2.11246161831443	2.11246161831443	2.11246161831443	2.11246161831443	2.11246161831443	2.11246161831443	2.18489404231548	2.11246161831443	2.11246161831443	2.11246161831443	2.11246161831443	2.11246161831443	2.11246161831443	2.11246161831443	2.11246161831443	2.11246161831443	2.11246161831443	2.11246161831443	2.11246161831443	2.11246161831443	2.11246161831443
12.3996524184647	12.4445764554096	12.5494696256969	12.3401016342017	12.5242567007695	12.6207429113147	12.5539047227723	12.7256170548228	12.2411478214677	12.7385433270774	12.805481032106	12.5885717588221	12.6267335885326	12.6083719550766	12.6742981402905	12.6339519667631	12.7415966622566	12.6770237611624	12.6513825957136	12.7952090494572	12.7084382282462	12.9188058565189	12.7488918286734	12.3742251609377	12.3735438766487	12.3058874969395	12.3355129927404	12.4228165213341	12.5626642220564	12.4953538467248	12.5277846321465	12.4052173004674	12.5360094285256	12.5668561329346	12.6269764461301	12.5528618284647	12.6732558638756	12.7219111937246	12.678191466567	12.7593529484771	12.6388279643111	12.6403069368557	12.7412241571396	11.3933208975522	11.4259952695181	11.6784984823477	11.460546263398	11.6764597372768	11.1800026399726	11.3003297233491	11.1368114061435
7.25832228503402	7.06791513779604	7.31557343312569	7.47260662406403	7.20810646131588	7.89909727416122	7.94876455158117	7.40900351754408	7.2311723563473	7.13376352354396	7.2739492543936	7.77109003612548	7.14273401602855	7.73920192100499	7.30879303676392	7.66788441907018	7.61264064968571	7.36056055693626	7.31280330952059	7.51160603827149	8.11370751240545	7.23134069977528	7.60600398824734	8.78062628820623	7.93289484351005	7.53063130682196	7.65338401575958	8.76948352619976	8.21694256762389	7.93358066941624	7.80519748163859	7.71724726654895	7.74580904438533	7.78082774928753	7.32969793312222	7.61296600725122	7.42354921801129	8.2057441526771	8.45691662246759	7.99277337640286	7.56988864732168	7.86115171104239	8.10797779439967	8.6288695081159	9.66996803940487	9.02449267452951	9.66747847585744	7.04797981584159	9.74397319074795	9.70182279333144	10.1724120529443
6.937859054913	6.8491028117601	7.1210486327295	7.1210486327295	7.26841856357049	7.26114979879668	7.15483036414649	7.37377014664527	7.07893273161691	7.0102905032032	7.14711977095894	6.94644128054493	8.34031332187916	7.42842182437293	8.19211746990356	7.15374139721272	7.16864955694118	6.99361026752399	6.75213569137706	7.16725883410183	7.51812472949346	7.70568688433366	7.1210486327295	7.0320922659718	6.14335745273209	6.89230947752644	6.59769675973846	7.5329356124439	7.1210486327295	7.11127560828175	6.68493783493077	7.57840277676072	7.12602592881306	7.6889620929232	7.37519464979241	6.92106751117698	7.01368770389485	6.96542407689542	7.2840062711578	6.57907095744076	7.35930414462605	7.60723276710872	7.1210486327295	7.11174270622492	7.67932050379091	8.06900662804193	8.10439979145512	7.07552174116338	7.94527619693498	8.23671154782575	8.2688376990831
2.11246161831443	2.11246161831443	2.11246161831443	2.11246161831443	2.11246161831443	2.11246161831443	2.11246161831443	2.11246161831443	2.11246161831443	2.11246161831443	2.11246161831443	2.11246161831443	2.11246161831443	2.11246161831443	2.11246161831443	2.11246161831443	2.11246161831443	2.11246161831443	2.11246161831443	2.11246161831443	2.11246161831443	2.11246161831443	2.11246161831443	2.11246161831443	2.11246161831443	2.11246161831443	2.11246161831443	2.11246161831443	2.11246161831443	2.11246161831443	2.11246161831443	2.11246161831443	2.11246161831443	2.11246161831443	2.11246161831443	2.20637280642196	2.11246161831443	2.11246161831443	2.11246161831443	2.11246161831443	2.11246161831443	2.11246161831443	2.11246161831443	3.16289107942587	2.11246161831443	2.11246161831443	2.11246161831443	2.11246161831443	2.70953911516717	2.11246161831443	2.52332352877128
2.11246161831443	2.11246161831443	2.11246161831443	2.11246161831443	2.11246161831443	2.11246161831443	2.11261820008972	2.11246161831443	2.11246161831443	2.11246161831443	2.11246161831443	2.11246161831443	2.11246161831443	2.11246161831443	2.11246161831443	2.25589728372458	2.11246161831443	2.11246161831443	2.11246161831443	2.11246161831443	2.11895549885235	2.11246161831443	2.11246161831443	2.84613122343081	2.11246161831443	2.11246161831443	2.11246161831443	2.11246161831443	2.11246161831443	2.11246161831443	2.11246161831443	2.11246161831443	2.11246161831443	2.11246161831443	2.11246161831443	2.11246161831443	2.11246161831443	2.11246161831443	2.11246161831443	2.11882365271615	2.12892220253266	2.11246161831443	2.11246161831443	2.11246161831443	2.11246161831443	2.11246161831443	2.11246161831443	2.14418537345991	2.11246161831443	2.11246161831443	2.11246161831443
2.20154484144302	2.20154484144302	2.20154484144302	2.20154484144302	2.20154484144302	2.23295219561703	2.23588727441573	2.20154484144302	2.20154484144302	2.20154484144302	2.20154484144302	2.20154484144302	2.20154484144302	2.20154484144302	2.20154484144302	2.41065999814632	2.20154484144302	2.20154484144302	2.20154484144302	2.20154484144302	2.20154484144302	2.20154484144302	2.20154484144302	2.20150810744521	2.3527808460408	2.20154484144302	2.20154484144302	4.19063255681267	2.20154484144302	2.21839153889632	2.27764479443093	2.20154484144302	2.20154484144302	2.20154484144302	2.20154484144302	2.20154484144302	2.20154484144302	2.20154484144302	2.20154484144302	2.20154484144302	2.20154484144302	2.20154484144302	2.20150810744521	6.15899744839958	6.92495671791642	6.40694399993873	7.57880248956862	6.23171799312848	6.07777442639392	6.09465290854335	7.64095212752834
3.14350802760913	5.28709148370076	3.34630353826104	4.64999597995445	5.25773026897468	6.32611465481808	6.7065189115775	7.49614407874843	6.32611465481808	6.43545148431788	6.32611465481808	5.58462072205334	8.4219207592401	7.00446723654432	8.56320559173812	7.02157278738966	5.74457307456435	5.29144611063364	5.77813354554074	6.84908023661786	8.63132134123786	6.29535484536325	5.90846018441097	6.75067880277442	6.49648877596564	7.01071088310564	3.88219391727306	7.16213528460923	6.32611465481808	7.27157506232371	6.20571874785653	7.06951605731746	7.46450246665092	6.56264476864547	6.9025561405832	7.16831181150987	6.73176589466391	6.99348822473459	6.29693162691049	7.08288201530366	6.58567231082601	7.98287942621195	5.99642209321651	10.6414054519725	7.12540638650143	10.0213004393171	6.15466387621895	9.97197218374254	7.95032256320738	7.02091463669131	8.53731300517643
2.11246161831443	2.11246161831443	2.11246161831443	2.11246161831443	2.11246161831443	2.11246161831443	2.11246161831443	2.11246161831443	2.11246161831443	2.11246161831443	2.11246161831443	2.11246161831443	2.11246161831443	2.11246161831443	2.11246161831443	2.11246161831443	2.11246161831443	2.11246161831443	2.11246161831443	2.11246161831443	2.11246161831443	2.11246161831443	2.11246161831443	2.11764706171115	2.11246161831443	2.11246161831443	2.11246161831443	2.11246161831443	2.11246161831443	2.11398765751179	2.11246161831443	2.11246161831443	2.11246161831443	2.11246161831443	2.11246161831443	2.11246161831443	2.11246161831443	2.11246161831443	2.11246161831443	2.11246161831443	2.11246161831443	2.29586854192583	2.11246161831443	4.22278726541038	2.78954825086233	2.83236203728388	2.11246161831443	2.11246161831443	2.11246161831443	2.11246161831443	3.18519306749211
7.92088711472158	8.35449483164678	7.44902232533181	8.11345656985637	9.23510786920994	8.69894998603111	7.87912846000054	8.67899357534289	8.81929078376356	9.24625766666944	9.41729420359403	8.610308309947	7.8973278444105	9.76532936227043	9.23609988888317	8.33384002073165	9.42785790768389	8.97152288638859	8.57200355503417	8.34806047832791	8.31052319947001	7.49356815128242	8.05998767254325	7.95632111807348	8.17321896486305	7.47152966454546	7.35556465062769	7.8609889848594	9.13023434742175	8.80866035283424	8.59489233522073	9.30230427902343	8.18864447057781	8.25478775653362	9.50195343638071	8.01426540317492	8.59489233522073	7.64656467571245	7.98169975196497	9.0273354687414	9.5563741495979	8.45918020183608	8.60230613704953	9.2645822284483	9.02420539960335	9.34425667226247	8.606729179809	8.90808206837988	9.09414591099616	9.2048431009329	9.06749155766575
7.12869044698205	7.23978578554985	7.83326164960459	7.1141217684749	7.43901688080859	7.36723070137303	7.34968348159246	7.46510348045347	7.46027721049891	7.11808616912416	7.17552038139373	7.61934757654178	6.80896297757797	7.46800834860363	7.32108142827163	7.00994344427638	7.31756450939984	7.64785016699441	7.21421381998972	7.43372670749486	6.82711741343515	7.20737454489879	7.34677017251566	7.37810459163342	5.69891197187935	7.34677017251566	7.53605038773029	7.62773104449012	7.88669130589908	7.49234990061156	7.98746626183852	7.42198994636926	7.8520653317323	7.77731880585662	7.51220503941261	7.34677017251566	6.87561000510237	7.36723070137303	7.34677017251566	6.52376228328472	7.4222781316119	7.5255944900011	7.34677017251566	6.90884112051258	6.82891397931702	7.63192991149034	7.31876214254984	7.4659080715493	6.31262886215187	7.34677017251566	7.00176200236679
5.65709678306483	4.90346063006742	5.59767232535538	5.65709678306483	5.65709678306483	6.03364173671573	5.65709678306483	5.29970249086434	5.51558285655911	5.27752677609789	5.65709678306483	5.05724847176415	5.76907032054434	5.81786826800517	5.65709678306483	5.65709678306483	5.65709678306483	5.22460483313189	5.65709678306483	5.65709678306483	6.15154145983014	4.96043368561659	5.99571733797739	5.65709678306483	5.4766012486545	5.65709678306483	5.65709678306483	5.65709678306483	5.60357680050803	5.65709678306483	5.65709678306483	5.65709678306483	5.59440716127326	5.4155711014867	5.61329627001213	5.65709678306483	5.61475457135773	5.84111017860415	5.8632924660262	6.22930713915325	5.44505059448489	6.25001199524229	5.84775951309626	6.27604221525953	6.26225719613735	5.65709678306483	5.8875336024195	6.10170862867188	5.80267848832989	5.65709678306483	6.21388632586349
4.58196409585528	4.58196409585528	4.33799563977829	4.59895481933345	4.34867974201624	4.58196409585528	4.57425902038621	4.44234897534607	4.58716711414538	4.58196409585528	4.50812825787313	4.51098143416261	4.47934904592924	4.72950348758637	4.98681660650376	4.80771697782426	4.58196409585528	4.01719508163238	4.58196409585528	4.05736769428321	4.17054174135384	4.17642375681578	4.50159159059314	4.92991677606465	4.97613700195057	4.58196409585528	4.85605881626464	4.53800106922064	5.07230452433688	5.0569672805823	4.64383862427396	4.58196409585528	4.61845405402639	4.70981835712925	5.40996328842461	4.8459708225689	4.33799563977829	4.61954070727158	4.61563583274323	4.92364690349314	4.95206285331281	4.43983526704854	4.73966631800064	5.06637272623477	4.58196409585528	4.58196409585528	4.58196409585528	4.17054174135384	4.58196409585528	4.64667604454421	5.19099449692148
3.77499713867475	2.96984378722551	3.67318697234533	3.87100912452811	3.7682359744159	3.89762925690885	4.33401851664876	3.86414200715447	3.84381888453056	3.54224992552824	2.96984378722551	3.95296414115605	3.43441732898629	3.95164576312054	2.91652457518834	3.58506608089641	3.15262780203967	3.13195875655444	3.26141802128833	3.54305471572258	3.77499713867475	3.27230766415089	3.14595080774064	4.73127377790749	4.55328849301652	5.29529866891226	5.76416931131166	7.4676752494509	5.65427786298794	4.77204432909633	5.27897785019622	4.32040582293915	4.48270789204355	5.31849676780907	4.98421489149059	4.80276014587262	3.96560857912389	5.64843183630519	6.03747364384158	4.56615559390534	4.25636236327258	5.13836069683256	5.39101345513755	9.43182109107208	9.8969800399075	9.97535177298621	9.92792778249777	7.44979298254917	8.84465613671715	9.01130582667199	9.12335316782201
2.11246161831443	2.11246161831443	2.11246161831443	2.11246161831443	2.11246161831443	2.11246161831443	2.11246161831443	2.11246161831443	2.11246161831443	2.11246161831443	2.11246161831443	2.11246161831443	2.11246161831443	2.11246161831443	2.11246161831443	2.16263988794608	2.11246161831443	2.11246161831443	2.11246161831443	2.11246161831443	2.11246161831443	2.11246161831443	2.11246161831443	2.11246161831443	2.39239205022062	2.11246161831443	2.8530218763874	2.11246161831443	2.11246161831443	2.11246161831443	2.11246161831443	2.11246161831443	2.11246161831443	2.11246161831443	2.11246161831443	2.11246161831443	2.11246161831443	2.11246161831443	2.11246161831443	2.11246161831443	2.11246161831443	2.11246161831443	2.11246161831443	2.73418391832807	2.11246161831443	3.16217408956726	2.28202932390385	2.11246161831443	3.68834641725589	3.20843044180922	2.11246161831443
8.7210364933183	8.76176919684554	9.02597788133209	8.65196439562858	8.67991937112683	8.78865330874633	8.82496334606176	9.06299692651295	8.8924505028726	8.8194924954148	8.88676518195196	8.82103292730046	8.83523730372635	8.8342780185094	8.79034750179746	8.85409991655355	8.95505536683055	8.73937385771269	8.88643885667541	9.01252032204243	9.06447036203926	8.93502326796635	9.24894125499806	9.15323793392465	9.05714081706961	8.93258480853259	8.82325698680634	9.31832098460001	9.09290412867639	8.97312633768334	9.0858698651458	8.94989123684962	9.15776289665941	9.01726894637142	9.24385234009772	9.09480171806013	9.13461705996157	9.13179143503582	9.19794142106282	9.06868781917709	9.11520157857737	8.93247616254352	9.18218714158423	9.05096893320391	9.44686037350108	9.42145942334426	9.37853165992963	8.05230891425405	8.14549790537828	8.7785936541177	8.82449783582815
11.105131616223	10.8136251539273	11.3701041072023	10.851776843087	11.2655943372432	11.4535773497178	11.0676093203184	11.067180818789	11.1026156324848	10.9018854094589	10.6089506161932	10.8004032461263	11.1082857862302	10.8278788381506	10.8021274601461	11.1831266956924	11.1915056297337	10.9676454751072	11.0539691583951	10.7184777316316	11.117127760436	10.5900339130414	10.9121300512166	11.2501205602253	11.2742685014278	11.1593733480862	11.1537805002058	11.4927623761235	11.5406278549111	11.1158281293661	11.4152162228489	10.8775379847701	10.8467768402002	10.7938829717487	10.8662743410406	11.111114434118	10.5446383774795	11.1073672946348	11.1607575046483	11.2045355048668	10.9911873730059	11.0218138456317	11.2095261093266	11.0146327143823	10.8126597704999	11.0563348380276	10.8787882564779	11.2078258854307	10.914775123324	11.0007610472319	10.9070232523511
7.93604550327544	7.54749857570942	7.94674570183018	7.58333381120997	7.90451501964113	7.58591042610828	7.32663139132841	7.12158045961258	8.07115375521867	7.39481181772713	6.80723676092358	7.6781115833992	6.7215460462901	7.18780566241036	6.62187868075919	7.38895613445863	7.09603829418561	7.42888718265375	7.51425264734504	7.08944985144518	6.74116296044881	6.52331771905919	6.95429429411815	7.63323824465225	7.94837968287437	8.10439928173618	7.96000169352128	6.97253148763957	7.87434500077362	7.11141522546521	7.86243578691782	7.1443692833101	7.18113266743557	7.17782626460425	7.28209387975211	7.701652896115	7.21665885631033	7.18544003873927	6.8312756896957	7.67298869504179	7.09262780878733	7.07978289556941	7.44638807476385	3.01165152511841	3.37351657704709	3.01165152511841	5.05771307182315	2.87325540940173	3.1734826051075	4.9266721072693	3.01165152511841
3.48358653913801	3.52766754844037	3.52766754844037	3.52766754844037	3.52766754844037	3.51896423627849	3.81808753787898	3.52766754844037	3.36395607818537	3.04137580462506	3.52766754844037	3.52766754844037	3.52766754844037	3.48358653913801	3.69455931385223	2.997102112257	3.53082349647759	3.48358653913801	3.48358653913801	3.48007335527023	3.52766754844037	3.18638093961762	3.48393939007018	3.52766754844037	3.52766754844037	3.52766754844037	3.52766754844037	5.55355235520409	3.56615425867176	3.48358653913801	3.52766754844037	3.82955025038979	3.70320560531368	3.80904130891271	3.77578372276544	3.53745697937553	3.52766754844037	3.52766754844037	3.26135044173339	3.52766754844037	3.96199629003982	3.52766754844037	3.84031349019644	6.02416985781659	6.40406617166624	6.24883162313117	6.57265255330667	3.52766754844037	6.5277454836899	6.20781341821236	6.2867144655591
6.33883741267748	6.56088103376401	6.93563987934821	6.88357352680455	7.11782683657274	6.96461603268574	6.77654038408566	6.94627740806758	7.00796657451867	6.44109411464847	6.6513550738298	6.69753755036212	6.84236901296738	6.91355510885775	7.3302981954894	7.07856555381329	6.27437222246881	6.08838339656649	6.05231113318282	6.48619747543496	6.9698035769791	6.16841346410005	6.94957101958444	6.8676227056512	6.6227676250004	6.53102463078742	6.32945667503859	6.26450279332001	7.40016949395806	7.08430454400907	7.35207747953238	6.15509552370376	6.6227676250004	6.7163061562043	6.43813555172777	6.98837731569582	6.83363384980369	6.361525081145	7.07544035933529	6.6864933893627	6.7497866139745	6.78737863472532	6.81203455206367	3.67171241741588	2.38674284819075	2.53294262074443	3.68889743111526	3.65378970877047	2.47630879068311	2.58143016783226	3.45268175086499
3.54602592274014	2.66476495261044	2.60053521769774	2.55608064337751	2.18576156282305	3.18966445876972	2.66476495261044	2.66476495261044	2.5947247067202	2.60053521769774	3.02040976829133	2.66476495261044	2.55608064337751	2.64434786724549	2.73499535985161	2.66476495261044	2.60053521769774	2.66476495261044	2.66476495261044	2.55608064337751	2.44537285803918	2.60053521769774	2.55608064337751	2.55608064337751	2.86085548400171	3.30957456792679	2.74218716498398	3.22722189228819	2.76018771855247	4.02649567945575	3.23651826649499	2.66476495261044	2.66476495261044	3.24906212880101	3.4119361984958	2.90871867568178	2.55608064337751	3.24766211704066	3.46596269550116	4.07388508571705	2.5711133939846	2.66683284904691	2.75278159117872	7.53528834893616	7.41925366376744	8.05356753763566	7.99153556675202	2.60053521769774	3.8734719329777	5.74209132833784	4.21120570288082
2.34485858864097	2.34533308851639	2.34485858864097	2.34485858864097	2.34485858864097	2.34485858864097	2.34485858864097	3.39413285511917	2.34485858864097	3.0229386598739	2.35272855285488	2.34654222552003	2.68464943455567	3.12790464364363	2.34654222552003	2.34533308851639	4.30769625839814	2.34533308851639	2.39342276100506	3.6044965966894	3.24683455483141	4.2705352692155	3.2921042568969	2.34485858864097	2.34485858864097	2.34485858864097	2.34654222552003	2.34485858864097	2.34485858864097	2.34533308851639	2.34485858864097	2.87942253499212	2.13844018274736	2.34654222552003	2.58297838543957	2.81106920842635	4.08381741975814	2.34654222552003	2.34485858864097	2.54736227994918	3.106414495386	2.34654222552003	2.61531670254138	3.93361729868112	2.89472077388115	2.34654222552003	2.34533308851639	2.20203050620701	3.97825724385378	2.6444678134903	2.34485858864097
4.41641167271915	5.07105943492281	4.21763353369923	5.00811907444535	5.77486522647304	5.34620464399152	5.58933920428586	5.26005796180605	4.3224316518811	5.34620464399152	5.88438707090386	5.56418336801611	5.43613623850717	6.00228046401294	5.43467201637243	5.5310640797616	6.07322476698147	5.23843333075063	5.11064615864833	5.99720991267638	5.93266544412769	6.12165630838189	6.11383491451967	4.9844874954508	5.48191295011182	5.01672281992547	4.51469934081699	4.85910307545801	4.98685560172605	5.40550167416171	5.99175592162743	5.38176118203679	5.14087323494998	5.28109542478176	5.46234932731292	5.41647053897958	5.83435759902349	5.91012608770976	5.34620464399152	5.39329943180124	5.34620464399152	5.67965665600633	6.33221624840578	3.49085889986075	2.47648822100809	2.47648822100809	2.26789161652512	2.33399146779108	4.69965774162998	2.47648822100809	2.47648822100809
2.12337135138966	2.12337135138966	2.12337135138966	2.12337135138966	2.12337135138966	2.12337135138966	2.12342568720478	2.12337135138966	2.12337135138966	2.12337135138966	2.12337135138966	2.12337135138966	2.60638974419098	2.12337135138966	2.24424303983492	2.12337135138966	2.12337135138966	2.12337135138966	2.12337135138966	2.12337135138966	2.12337135138966	2.55726389464579	2.12337135138966	2.12337135138966	2.12337135138966	2.12337135138966	2.12337135138966	2.12376955949163	2.12337135138966	2.12337135138966	2.12615415270732	2.12337135138966	2.12337135138966	2.18874156979188	2.12337135138966	2.12337135138966	2.12337135138966	2.12337135138966	2.12602201514782	2.12337135138966	2.12337135138966	2.54159799088667	2.12337135138966	5.62948222642154	4.87925293211181	5.3988415869821	4.5195149273081	2.12337135138966	5.09293128088184	5.44970810721701	4.82431170667677
3.75412642457729	3.08972052992369	2.9941854566968	2.9941854566968	2.9941854566968	2.99458154580988	2.99458154580988	2.99458154580988	2.99458154580988	3.02134053787634	3.48631496345542	2.99458154580988	2.99458154580988	3.00141983689058	2.99458154580988	2.99458154580988	2.99458154580988	4.77857691044622	2.99458154580988	2.29309408595694	2.5047598280261	2.50486243303023	2.93689648732349	3.11412516558815	3.32364771545224	3.12889988059723	3.02142019887009	2.9425909763736	3.07297110601702	3.82973797467505	3.80712768884794	2.99458154580988	2.95188757217552	3.49391805734102	2.99458154580988	3.03898577156623	2.99458154580988	3.10930860883157	2.9941854566968	3.50689528187297	2.99458154580988	2.9941854566968	3.04826117023504	2.9425909763736	4.00210987940145	2.9941854566968	3.85201697390565	2.5047598280261	2.9425909763736	3.33989870042117	3.83718341484262
8.47762762371814	8.48733504388896	8.64168750375122	8.59640203977897	8.42998209580481	8.66242267119647	8.95095264932989	9.03519137854838	8.77327883674854	8.46604759850721	8.87206552078116	8.506132666168	9.04073641586271	8.62119298430885	8.87632926273147	8.47128417286677	9.06084091854708	8.82315421821971	8.84200971578611	9.04664522593895	8.97637340638275	9.13316171584362	8.94020860292535	8.34474976262334	8.23819998587618	8.34442799022868	8.56312945616742	9.14062271238056	8.53287765899445	8.68604675575694	8.62609191928769	8.60531676682889	8.32680620828015	8.69206308624022	8.63127412687559	8.66773528852195	8.71035409004337	8.76072555841248	8.77486251432772	8.92255450818684	8.70822704833191	8.65153017483626	9.02008334972889	9.86744957833845	10.3431553664694	10.0840268869958	10.3560106088854	8.24354975369197	10.0546740585401	10.1604306668383	10.2222065023195
8.26774185436031	8.56945758954495	8.69729126353488	8.37220588383678	8.86837368094542	8.25480578535843	8.40188986842489	8.40459911872883	8.39366887557674	8.64620854256441	8.53572745479083	8.82725804717645	8.68867340961441	8.36815795878118	8.19245730837674	8.22594013880929	8.54294503217281	8.35020391841683	8.24938384232363	8.37755386849163	8.37196617029911	8.15973568896531	8.36476602098473	8.2177919622026	8.4613634415663	8.64752447651986	8.32384229841175	8.32582677505054	8.85259211182489	7.92275462914649	8.17943768129052	8.4724045153277	8.38122709988459	8.4665510687142	8.57351629130921	8.39625454925524	8.48051310145377	8.40685631357236	8.18952024497072	8.26666473360742	8.35097029553138	8.15575579260102	8.53333554628039	7.65611579320814	7.42264011725122	7.82709815297439	7.54695698783871	8.21285350952849	7.80843968215356	7.1950903834042	7.05829194638955
9.72125933602105	9.90789990031475	9.83012201984802	9.69664561750849	9.98181015933378	9.83936810725777	9.69831154507549	9.7256968596328	9.80917693735952	10.02529133857	9.96778514904141	9.73652581600703	9.6182932857684	9.59779327241115	9.37607455577507	9.720605387665	9.83933585004451	9.32253545142611	9.60322187934882	9.9370289936494	9.82487720051922	10.1387790217715	9.88230268807763	9.93239801186059	10.0163120999061	9.67335046615229	9.52210986196215	9.33787701941974	9.28319495548544	9.4912916571353	9.28028169518974	9.73652581600703	9.57204886878777	9.43040037138548	9.92234205867094	9.59050531933793	9.37743106068886	9.26052815296903	9.4141411905955	9.79661814441315	9.58092829367364	9.34035123740812	9.91703477745844	10.1902010685383	10.0746634057764	10.3704937535925	10.0077225789586	9.42702573401632	10.5880571688665	10.1902475708412	10.9725635207806
8.45937750125542	8.8630136999876	8.43706121383251	9.07795208133103	9.2398628680233	8.68520441335233	9.36155005793582	9.14390673112418	8.95687676218003	10.4008657763283	9.97666851951138	9.51044395637659	9.51472224299545	10.233875084982	9.23307437691525	9.55621660924932	9.29737364996091	9.73510247642837	9.47982781318262	8.678112722325	9.84300738443626	10.5658868683013	9.70438161394284	8.14338495930178	7.63211276717045	8.34197207837457	5.69273997511816	7.89238239600401	7.19230654624371	8.33291821013468	7.77091143713043	9.32772564694041	9.12645475234891	9.30836339770163	9.16900556531811	8.76062289857899	9.06154128535643	8.35652666651825	7.67134691162669	9.24212465276861	8.60180173878495	9.25787464430606	9.3761826967818	6.47532807932812	5.23003946701538	6.52579724358068	5.44784173258371	4.79626909959565	5.01895629771805	4.5852183681314	4.5852183681314
7.32724127482711	7.49774586335317	8.13500779203107	8.70082664134687	7.83988998556107	8.74212359397226	8.30448099130234	7.61982950840029	8.71796860720582	6.95379057388586	6.88687298561431	8.3068531710552	7.45692330768672	8.09705939513036	8.37823007205981	8.06922833698308	8.03239937415117	7.41251188949673	7.7317642258263	7.86483772849775	8.18640987687743	7.01826526275372	8.02880047243983	7.91324964164206	7.9264777432265	7.89442569657355	7.78476341474494	8.91276492227362	8.45158814514514	8.2226855651426	8.05928316055645	8.35596792646808	8.72404011426674	8.36847818249273	7.67231700569744	7.77308810569082	7.41007752319065	7.93731972006892	7.9775829547146	7.66608202429814	8.1922008635797	7.78929746467494	8.1682008678533	11.4756229586541	11.9665238848313	11.677213829543	12.2353184259709	9.17477155859803	11.8188641566816	11.8335321873723	11.709805166987
2.11246161831443	2.11246161831443	2.11246161831443	2.11246161831443	2.11246161831443	2.11246161831443	2.11246161831443	2.11745181990119	2.11246161831443	2.11246161831443	2.11246161831443	2.11246161831443	2.11246161831443	2.11246161831443	2.11246161831443	2.11246161831443	2.40110724819409	2.11246161831443	2.11246161831443	2.11246161831443	2.11246161831443	2.11246161831443	2.11246161831443	2.11246161831443	2.19803445412588	2.11246161831443	2.11246161831443	2.11246161831443	2.11883544057404	2.11246161831443	2.12120535878308	2.11246161831443	2.11246161831443	2.11246161831443	2.11246161831443	2.19158610222297	2.11246161831443	2.11246161831443	2.11246161831443	2.27204430628261	2.11246161831443	2.11246161831443	2.11246161831443	2.11246161831443	2.11246161831443	2.11246161831443	2.11246161831443	2.11246161831443	2.11246161831443	2.11246161831443	2.11246161831443
2.1163106694846	2.11246161831443	2.11246161831443	2.1163106694846	2.1163106694846	2.1163106694846	5.16420109407102	2.34899198231491	2.11246161831443	2.1163106694846	2.11246161831443	2.1163106694846	2.1163106694846	2.1163106694846	2.1163106694846	2.1163106694846	2.1163106694846	2.1163106694846	2.1163106694846	2.74270468424709	2.1163106694846	2.1163106694846	2.1163106694846	2.1163106694846	2.1163106694846	2.11246161831443	2.1163106694846	6.47297821269433	2.1163106694846	2.1163106694846	2.12691844263481	2.22334015827787	2.1163106694846	2.1163106694846	2.1163106694846	2.1163106694846	2.90180038011307	2.30514352587149	2.1498091512281	2.1163106694846	2.11760069175941	2.1163106694846	2.40389856786947	8.88860297020086	7.95004817448414	8.96319185507224	6.97395281539185	9.09376337979207	7.72836968757964	7.55253609038986	7.7799151556585
2.11246161831443	2.11246161831443	2.11246161831443	2.11246161831443	2.11246161831443	2.11246161831443	2.11246161831443	2.11246161831443	2.11246161831443	2.11246161831443	2.11246161831443	2.11246161831443	2.11246161831443	2.11642915818749	2.11246161831443	2.11246161831443	2.11246161831443	2.11246161831443	2.11246161831443	2.11246161831443	2.11246161831443	2.11246161831443	2.11246161831443	2.11246161831443	2.11246161831443	2.11246161831443	2.11246161831443	2.11246161831443	2.11246161831443	2.11246161831443	2.11246161831443	2.11246161831443	2.11246161831443	2.11246161831443	2.11246161831443	2.11246161831443	2.11246161831443	2.11246161831443	2.11246161831443	2.11246161831443	2.11323594014551	2.11246161831443	2.11246161831443	2.11246161831443	2.58085340174075	2.11246161831443	2.11246161831443	2.11246161831443	2.11246161831443	2.11246161831443	2.11246161831443
3.95560834252558	3.95560834252558	4.13943238298474	4.31264679370116	4.51640179945385	4.12995467136691	4.04232751649913	3.62893013506623	4.26973417380876	3.88735717712691	3.95560834252558	3.44875726732758	4.10726440233586	3.95560834252558	3.95560834252558	3.95916486415902	3.96868980717688	4.61517096568748	4.15071779270887	3.95560834252558	3.95560834252558	3.93906092550517	3.93906092550517	3.93906092550517	3.98282473527773	3.94512889041365	4.37040286118316	3.94512889041365	3.93906092550517	3.93906092550517	3.95560834252558	3.69010712693099	3.93906092550517	3.98353844451781	3.93906092550517	4.11068077630249	3.99065887132945	3.93906092550517	3.95560834252558	3.95560834252558	3.99540649437348	3.95560834252558	3.93906092550517	4.88869119164028	3.95560834252558	3.95560834252558	3.95560834252558	4.11734972563695	4.41569545983837	4.08289946573919	3.99443993759435
2.2277246009293	2.2277246009293	2.35213703411117	2.2277246009293	2.22177544318086	2.2277246009293	2.2277246009293	2.2277246009293	2.2277246009293	2.2277246009293	2.2277246009293	2.2277246009293	2.2277246009293	2.2277246009293	2.2277246009293	2.2277246009293	2.2277246009293	2.22177544318086	2.2277246009293	2.5113091058099	2.2277246009293	2.2277246009293	2.22177544318086	2.2277246009293	2.2277246009293	2.2277246009293	2.2277246009293	4.05558383014933	2.2277246009293	2.2277246009293	2.2277246009293	2.2277246009293	2.2277246009293	2.2277246009293	2.22177544318086	2.2277246009293	2.2277246009293	2.2277246009293	2.22177544318086	2.2277246009293	2.2277246009293	2.34027153030977	2.2277246009293	5.12212006732258	3.37337651643915	5.85424935914285	4.13043271228549	3.86156756858631	4.36707051298899	4.3589252769175	4.35749320396635
6.89495203097008	6.84067981838765	6.99604233676538	7.12704391301692	7.30872711242186	7.19739741366006	6.93443041171179	7.06369592279793	7.19704431318552	7.14288728964557	7.01455954886547	6.92726595849527	7.3454781851054	7.03958659354968	7.28526514590975	7.14605481466617	7.04245139621383	7.19704431318552	7.19704431318552	7.10124805444361	7.21983441563373	7.3902522479733	6.93298251373123	7.03397330251108	7.42149545744619	7.67889206112521	7.68576707261373	7.26933853151608	7.30308711561029	7.08785606962115	7.18888601114693	7.18795866148746	7.19704431318552	7.30268611294717	6.81200911549663	7.2883925932927	7.261077813286	7.24120846845848	7.37157935337539	7.56508121040455	7.14934007711217	7.62960894343872	7.46089791319976	7.62803434296865	7.55637045575161	7.7578464627664	6.93130235487666	6.93130235487666	7.53610661899715	7.19704431318552	7.2197854572576
